fold,last_train_year,test_year,partner_id,iso2,year,y_true_eur_thousands,y_pred_ppml,y_pred_xgb,sq_err_ppml,sq_err_xgb,loss_diff_ppml_minus_xgb
2017,2017,2018,0,AE,2018,543.0,344.625655834557,334.77716308215076,39352.38042306963,43356.74981411724,-4004.3693910476068
2017,2017,2018,1,AL,2018,68252.0,52836.15199149903,56037.220914251535,237648369.82120338,149200828.1136381,88447541.70756528
2017,2017,2018,2,AR,2018,0.0,2.3554723410457164e-11,-0.03745718818388493,5.548249949431387e-22,0.0014030409466429688,-0.0014030409466429688
2017,2017,2018,3,AT,2018,8303.0,6124.19451390962,11519.550308475635,4747193.346217538,10346195.8869547,-5599002.540737162
2017,2017,2018,4,AU,2018,79.0,139.45136099306148,1.7635371637589754,3654.3670459134355,5965.471191454042,-2311.1041455406066
2017,2017,2018,5,AZ,2018,1.0,39.2202296490485,1.29868796908527,1460.785954426006,0.08921450287628319,1460.6967399231296
2017,2017,2018,6,BA,2018,8556.0,5729.101153704578,10725.02095000491,7991357.087186389,4704651.8815602,3286705.205626189
2017,2017,2018,7,BD,2018,14.0,1.157101032886474,24.544992835749902,164.9400538794857,111.19687390601676,53.74317997346894
2017,2017,2018,8,BE,2018,2719.0,4095.1564153564327,1177.3318940521558,1893806.4795266665,2376740.5488968133,-482934.06937014684
2017,2017,2018,9,BG,2018,7490.0,3850.5842211035847,8506.003288427131,13245347.211680202,1032262.6820947446,12213084.529585456
2017,2017,2018,10,BR,2018,11.0,8.845912909216974,0.8312389274235371,4.640091194678081,103.4037017511464,-98.76361055646832
2017,2017,2018,11,BY,2018,0.0,2.3869481849048378e-11,0.7708317286179546,5.697521637420499e-22,0.594181553844144,-0.594181553844144
2017,2017,2018,12,CA,2018,42.0,13.758121276471412,2.181152301821042,797.6037138344966,1585.5406320107716,-787.936918176275
2017,2017,2018,13,CH,2018,28792.0,18902.97215228242,11472.534879987688,97792871.77293383,299963872.0433231,-202171000.27038926
2017,2017,2018,14,CI,2018,0.0,3.848950632025765,0.19962992011692507,14.814420967771536,0.039852105005889885,14.774568862765646
2017,2017,2018,15,CL,2018,0.0,2.1441884635465716e-11,0.4233728204620067,4.597544167206208e-22,0.17924454510595456,-0.17924454510595456
2017,2017,2018,16,CM,2018,0.0,2.1597019101246655e-11,0.144589542596585,4.664312340596129e-22,0.020906135828289665,-0.020906135828289665
2017,2017,2018,17,CN,2018,1401.0,15115.160240156769,5100.629965107381,188078191.09269676,13687261.878720444,174390929.21397632
2017,2017,2018,18,CO,2018,89.0,52.46938098817276,19.98980044866708,1334.486125387274,4762.40764211479,-3427.921516727516
2017,2017,2018,19,CR,2018,0.0,2.1555748577526426e-11,0.17630153816923405,4.646502967375326e-22,0.031082232360837892,-0.031082232360837892
2017,2017,2018,20,CU,2018,0.0,2.108675237705491e-11,0.3752346584528973,4.446511258112309e-22,0.14080104890426248,-0.14080104890426248
2017,2017,2018,21,CY,2018,81.0,934.3574420992521,98.93308085892703,728218.9239861785,321.5953890928149,727897.3285970857
2017,2017,2018,22,CZ,2018,826.0,552.1348650904089,192.80654776381172,75002.11211904854,400933.947954782,-325931.83583573345
2017,2017,2018,23,DE,2018,24872.0,12532.580017925775,26437.08652050552,152261285.49401268,2449495.8166680746,149811789.67734462
2017,2017,2018,24,DK,2018,2074.0,525.2112996545785,2110.3154963217803,2398746.4383176602,1318.8152730972386,2397427.623044563
2017,2017,2018,25,DO,2018,0.0,2.0811561199181935e-11,0.4111996975993284,4.33121079547295e-22,0.16908519130577912,-0.16908519130577912
2017,2017,2018,26,DZ,2018,0.0,156.1538024342638,147.72692580783303,24384.010014679094,21823.244608633002,2560.765406046092
2017,2017,2018,27,EC,2018,10.0,16.320306836282818,7.984131394168586,39.94627850476332,4.063726235976688,35.88255226878663
2017,2017,2018,28,EE,2018,16.0,16.73353716712195,3.2620603278924976,0.5380767755492932,162.2551070902502,-161.7170303147009
2017,2017,2018,29,EG,2018,195.0,169.5129812503388,61.988246823786646,649.588124745581,17692.126483009903,-17042.538358264323
2017,2017,2018,30,ES,2018,361.0,700.3069156382732,407.7384037241034,115129.18299995821,2184.4783826772846,112944.70461728092
2017,2017,2018,31,ET,2018,2.0,14.143602700791526,23.948014812424187,147.46708655467123,481.7153542063915,-334.2482676517203
2017,2017,2018,32,FI,2018,115.0,23.748396980156468,74.77351122821585,8326.855053691117,1618.170398906476,6708.684654784641
2017,2017,2018,33,FR,2018,3402.0,2196.8142453394157,3416.2223723777756,1452472.703236802,202.27587605211517,1452270.4273607498
2017,2017,2018,34,GB,2018,9830.0,2392.5563011466675,13014.348352319434,55315568.77361314,10140074.428919492,45175494.344693646
2017,2017,2018,35,GE,2018,44.0,48.19188717272401,15.629158712820345,17.571918068848085,804.9046353423378,-787.3327172734897
2017,2017,2018,36,GR,2018,1497.0,675.6514998722095,1487.9048763510038,674613.3586621712,82.72127419052904,674530.6373879806
2017,2017,2018,37,GT,2018,0.0,2.0795728567025067e-11,0.12022602381116243,4.324623266333825e-22,0.014454296801442196,-0.014454296801442196
2017,2017,2018,38,HK,2018,90.0,8.835618196137908,7.581525642482987,6587.656873603099,6792.804915420689,-205.14804181759064
2017,2017,2018,39,HN,2018,0.0,2.813794680321803,1.6779029019891465,7.917440503007278,2.8153581485035994,5.102082354503678
2017,2017,2018,40,HR,2018,2938.0,2155.9838136972453,1385.4824451479747,611549.3156395047,2410310.7581237117,-1798761.442484207
2017,2017,2018,41,HU,2018,877.0,266.31499157068714,1187.0766280918665,372936.17952030984,96147.51528882168,276788.66423148813
2017,2017,2018,42,ID,2018,1.0,3.6118914139490035,0.8457280240613174,6.821976758260525,0.023799842560025458,6.798176915700499
2017,2017,2018,43,IE,2018,4.0,30.961477344434833,44.789288492831126,726.9212605944728,1663.7660557514057,-936.844795156933
2017,2017,2018,44,IL,2018,52.0,87.71636419332714,20.98330702731528,1275.6586711903808,962.0352429617897,313.62342822859114
2017,2017,2018,45,IN,2018,36261.0,34386.64259084861,16371.69184109729,3513215.6972407014,395584579.0397939,-392071363.3425532
2017,2017,2018,46,IQ,2018,240.0,258.0193767523415,1013.3301459411028,324.69793854282483,598039.5146212875,-597714.8166827447
2017,2017,2018,47,IR,2018,0.0,12.013401345799725,4.0041282832464535,144.32181189526264,16.03304330869419,128.28876858656844
2017,2017,2018,48,IT,2018,7800.0,37766.085463907206,7420.482919195517,897966278.0301907,144033.2146223566,897822244.8155683
2017,2017,2018,49,JO,2018,33.0,148.49624419459673,52.8113088307085,13339.382423057918,392.4879575857085,12946.894465472209
2017,2017,2018,50,JP,2018,191.0,555.4856628409615,891.8659474521751,132849.79841661506,491213.07629803504,-358363.27788142
2017,2017,2018,51,KE,2018,0.0,5.171285249853284,5.945753724284942,26.74219113535014,35.35198734984826,-8.609796214498118
2017,2017,2018,52,KG,2018,0.0,0.1765182017649521,0.896491025718939,0.031158675554332334,0.8036961591945954,-0.772537483640263
2017,2017,2018,53,KH,2018,0.0,1.927370053425921e-11,-0.07651940310965423,3.7147553228430374e-22,0.0058552190522577615,-0.0058552190522577615
2017,2017,2018,54,KR,2018,0.0,721.9493395813207,13.816902571362391,521210.84892190516,190.90679666652065,521019.94212523865
2017,2017,2018,55,KW,2018,47.0,79.24063685280657,112.43724871420518,1039.4586646745495,4282.033519284748,-3242.5748546101986
2017,2017,2018,56,KZ,2018,549.0,11550.202030483206,1007.4950671367243,121026446.11550781,210217.7265887093,120816228.3889191
2017,2017,2018,57,LA,2018,0.0,0.972307326674522,0.4309369153935695,0.9453815375049557,0.18570662504892446,0.7596749124560312
2017,2017,2018,58,LB,2018,1.0,22.62515156236126,5.7656619656677455,467.6471800950957,22.71153397101216,444.9356461240835
2017,2017,2018,59,LI,2018,0.0,3.149296406540298,4.7749751847678725,9.918067856247633,22.80038801514898,-12.882320158901345
2017,2017,2018,60,LK,2018,0.0,2.1545544170164987e-11,0.7489106372741041,4.642104735885305e-22,0.5608671426223047,-0.5608671426223047
2017,2017,2018,61,LT,2018,64.0,331.10253338152444,43.69164483421672,71343.76333882837,412.42928953959654,70931.33404928878
2017,2017,2018,62,LU,2018,323.0,116.4923701396947,125.51647823462703,42645.40119052086,38999.74136885454,3645.6598216663187
2017,2017,2018,63,LV,2018,0.0,2.688557801049154,1.6070418567293216,7.2283430495822625,2.5825835292800257,4.645759520302237
2017,2017,2018,64,LY,2018,1453.0,228.45221349739722,1.9379436952446936,1499517.281428424,2105581.091247385,-606063.809818961
2017,2017,2018,65,MA,2018,4.0,0.9073703555173822,0.8046201944599651,9.564358117932684,10.21045210165307,-0.6460939837203856
2017,2017,2018,66,MD,2018,16.0,22.75437913624625,17.072113851696468,45.621637516158636,1.149428110999436,44.4722094051592
2017,2017,2018,67,ME,2018,19425.0,17764.784727659124,20733.597955744535,2756314.75051389,1712428.6097787768,1043886.1407351131
2017,2017,2018,68,MK,2018,43737.0,41736.279012048886,38239.302547102925,4002884.4716280806,30224677.283590987,-26221792.811962906
2017,2017,2018,69,MM,2018,0.0,3.872515618066714,3.9900156255820622,14.996377212170625,15.920224692389015,-0.9238474802183898
2017,2017,2018,70,MT,2018,58.0,1.9188902669389662,21.34503389489403,3145.090868891633,1343.5865401664676,1801.5043287251654
2017,2017,2018,71,MU,2018,0.0,2.2073545730455998e-11,0.5752012086354364,4.872414211145322e-22,0.33085643041566687,-0.33085643041566687
2017,2017,2018,72,MX,2018,16.0,4.583285994724543,2.0984590676246837,130.34135867825276,193.25284029450634,-62.91148161625358
2017,2017,2018,73,MY,2018,0.0,7.722794745309913,1.199934377959576,59.6415586781864,1.4398425114092344,58.20171616677717
2017,2017,2018,74,NG,2018,28.0,12.82820176794076,1.4799453002952212,230.18346159431587,703.3133012753335,-473.12983968101764
2017,2017,2018,75,NI,2018,31.0,16.222797379609712,4.400167531371244,218.36571728406958,707.5510873591165,-489.185370075047
2017,2017,2018,76,NL,2018,14651.0,4911.545757096453,10447.476170771599,94856968.94961189,17669612.582891002,77187356.36672089
2017,2017,2018,77,NO,2018,329.0,153.3788329030526,437.6325440541835,30842.794332493922,11801.029627684115,19041.764704809808
2017,2017,2018,78,NZ,2018,0.0,2.1623980478186936e-11,0.35468827596174624,4.675965317210097e-22,0.12580377310471585,-0.12580377310471585
2017,2017,2018,79,OM,2018,84.0,98.45780829762033,114.79203365078362,209.02822077073932,948.149336350991,-739.1211155802516
2017,2017,2018,80,PE,2018,0.0,2.1459853572183708e-11,-0.2679866917038025,4.605253153395659e-22,0.0718168669303489,-0.0718168669303489
2017,2017,2018,81,PH,2018,0.0,3.3485567198530335,2.4027420750231556,11.212832106072907,5.7731694790865795,5.439662626986328
2017,2017,2018,82,PK,2018,78.0,23.04404663502368,16.39128451164091,3020.1568102534525,3795.633824125577,-775.4770138721246
2017,2017,2018,83,PL,2018,5041.0,2593.3694591788535,4785.759608877865,5990895.264360419,65147.65726018066,5925747.607100238
2017,2017,2018,84,PT,2018,3.0,38.96963181168594,7.9682412331374275,1293.8144126682494,24.683420950646905,1269.1309917176025
2017,2017,2018,85,PY,2018,0.0,2.263033620038145e-11,-0.3351153634288686,5.121321165422951e-22,0.1123023068060627,-0.1123023068060627
2017,2017,2018,86,QA,2018,124.0,108.96741008649408,208.90006299528858,225.9787595076398,7208.020696603969,-6982.041937096329
2017,2017,2018,87,RO,2018,1745.0,815.45138854367,1138.395150107593,864060.6210603912,367969.4439129896,496091.1771474016
2017,2017,2018,88,RU,2018,1.0,12.193999107382053,12.379472483682013,125.3056160160702,129.49239400687608,-4.186777990805879
2017,2017,2018,89,SA,2018,4.0,57.55968292437349,91.8310145283209,2868.639634959425,7714.287113074118,-4845.647478114693
2017,2017,2018,90,SC,2018,0.0,1.0066290792237074,0.522293320146805,1.013302103138769,0.2727903122699729,0.7405117908687961
2017,2017,2018,91,SE,2018,1996.0,793.9935970854345,1158.472372446188,1444819.3926476128,701452.5269159167,743366.8657316961
2017,2017,2018,92,SG,2018,104.0,2.0627565686037228e-11,0.37047547450180895,10815.999999995709,10739.078353380832,76.92164661487732
2017,2017,2018,93,SI,2018,13684.0,1553.972903798301,712.9954561317174,147137557.3545874,168246958.87705165,-21109401.522464246
2017,2017,2018,94,SK,2018,105.0,1308.0840789191616,200.68987069880177,1447411.3009487675,9156.551354353402,1438254.7495944141
2017,2017,2018,95,SL,2018,2.0,4.028560828268312,8.549233648812278,4.115059033984621,42.89246138673498,-38.77740235275036
2017,2017,2018,96,SM,2018,0.0,2.4532739342634084e-11,0.8442281533577362,6.018552996536262e-22,0.7127211749218133,-0.7127211749218133
2017,2017,2018,97,SY,2018,4.0,21.43586559003354,1.7516181308662575,304.00940887371564,5.055221029449341,298.9541878442663
2017,2017,2018,98,TH,2018,0.0,1.900856080368003,1.7212974373400451,3.613253838272008,2.9628648677934066,0.6503889704786014
2017,2017,2018,99,TM,2018,0.0,2.2418452555288313e-11,0.3251955501398533,5.025870149737131e-22,0.10575214583076184,-0.10575214583076184
2017,2017,2018,100,TN,2018,75.0,260.34956000831363,36.724709486498696,34354.45939527546,1464.9978638929229,32889.461531382534
2017,2017,2018,101,TR,2018,8354.0,12539.142101251029,12189.229450759047,17515414.407663878,14708984.93996954,2806429.4676943384
2017,2017,2018,103,TZ,2018,2.0,2.1017355404280935e-11,0.20999957108183892,3.9999999999159304,3.2041015355272005,0.7958984643887299
2017,2017,2018,104,UA,2018,29.0,99.20386135903212,190.38922417325014,4928.582149718203,26046.48167924359,-21117.899529525384
2017,2017,2018,105,UG,2018,0.0,2.2628516389542292e-11,0.23297402784154955,5.120497539917841e-22,0.05427689764871511,-0.05427689764871511
2017,2017,2018,106,US,2018,2321.0,1053.3473531013574,841.0519840376587,1606943.2331891346,2190246.1299508703,-583302.8967617357
2017,2017,2018,107,UY,2018,0.0,0.7277498446612279,0.1278857330315952,0.5296198364044414,0.01635476071302844,0.513265075691413
2017,2017,2018,108,UZ,2018,0.0,2.6615965756499394e-11,0.11351931890743658,7.084096331511483e-22,0.012886635765208288,-0.012886635765208288
2017,2017,2018,109,VE,2018,0.0,8.928455433104372,0.7149324564537867,79.71731642093097,0.5111284172910455,79.20618800363992
2017,2017,2018,110,VN,2018,19.0,4.763860107579439,7.000892734679105,202.66767903656807,143.97857516467667,58.689103871891405
2017,2017,2018,111,XS,2018,33529.0,33301.74866513385,23642.008245202578,51643.1691984481,97752605.9594322,-97700962.79023375
2017,2017,2018,112,ZA,2018,131.0,2446.8365605004137,96.12064420953821,5363098.974950386,1216.5694603576203,5361882.405490029
2018,2018,2019,0,AE,2019,303.0,416.63169677514156,510.10089679832623,12912.162511997718,42890.78145467097,-29978.618942673253
2018,2018,2019,1,AL,2019,67378.0,62054.29448447426,71587.51654706344,28341840.416039187,17720029.560000893,10621810.856038295
2018,2018,2019,2,AR,2019,21.0,2.595787420507794e-11,0.5820403571649497,440.99999999890986,416.89307597644085,24.106924022469002
2018,2018,2019,3,AT,2019,8498.0,7526.815191052418,8832.69359195731,943199.9331305505,112019.80049728617,831180.1326332644
2018,2018,2019,4,AU,2019,55.0,141.8506895902751,15.363866714394264,7543.042282306319,1571.023061834303,5972.019220472016
2018,2018,2019,5,AZ,2019,20.0,33.959006656092356,1.6350753225847305,194.8538668248307,337.2704584071364,-142.4165915823057
2018,2018,2019,6,BA,2019,6383.0,6864.773323658539,8716.582384722902,232105.53538899546,5445606.746289027,-5213501.210900031
2018,2018,2019,7,BD,2019,7.0,3.32830910664901,13.580219829110968,13.48131401631659,43.29929299942518,-29.81797898310859
2018,2018,2019,8,BE,2019,4572.0,4647.614477186213,1641.8074714743882,5717.549160144289,8586028.25422732,-8580310.705067176
2018,2018,2019,9,BG,2019,5195.0,5024.192670631645,9564.374160513738,29175.143765949593,19091430.554565135,-19062255.410799187
2018,2018,2019,10,BR,2019,0.0,9.747132758023733,4.220891839009046,95.00659700253935,17.815927916613166,77.19066908592619
2018,2018,2019,11,BY,2019,0.0,2.470440389355073e-11,1.796239864155197,6.103075717356845e-22,3.2264776495802807,-3.2264776495802807
2018,2018,2019,12,CA,2019,65.0,19.76518488550489,8.415347226479321,2046.1884984425549,3201.822929499902,-1155.634431057347
2018,2018,2019,13,CH,2019,28459.0,22304.04262766774,17936.95108313686,37883500.25522725,110713513.40886076,-72830013.1536335
2018,2018,2019,14,CI,2019,0.0,3.751338197511243,0.3661925669106201,14.072538272106902,0.13409699606058897,13.938441276046314
2018,2018,2019,15,CL,2019,0.0,2.4320172624669314e-11,0.47370361670144556,5.914707964937147e-22,0.22439511647603005,-0.22439511647603005
2018,2018,2019,16,CM,2019,0.0,2.4120150308696295e-11,0.14914500607902767,5.817816509141019e-22,0.0222442328383132,-0.0222442328383132
2018,2018,2019,17,CN,2019,697.0,15173.124465248602,13105.337533667998,209558179.53336912,153966840.34943402,55591339.183935106
2018,2018,2019,18,CO,2019,113.0,63.7582439328935,52.13356500593761,2424.75054057242,3704.7229088864224,-1279.9723683140023
2018,2018,2019,19,CR,2019,0.0,2.383079888608393e-11,0.13223420839066835,5.67906975548979e-22,0.017485885868706703,-0.017485885868706703
2018,2018,2019,20,CU,2019,0.0,2.3579514611905028e-11,0.3854434523388174,5.559935093330427e-22,0.14856665495086618,-0.14856665495086618
2018,2018,2019,21,CY,2019,48.0,994.9880107745934,53.22006549904589,896786.2925508213,27.249083814329186,896759.043467007
2018,2018,2019,22,CZ,2019,2299.0,694.8066853564255,2093.496565298681,2573436.190747138,42231.66167403921,2531204.5290730987
2018,2018,2019,23,DE,2019,30907.0,16386.849763827264,23514.28338715565,210834762.88102716,54652258.917824835,156182503.96320233
2018,2018,2019,24,DK,2019,4178.0,813.7132396426757,1471.8769803442526,11318425.405915579,7323101.797510739,3995323.6084048394
2018,2018,2019,25,DO,2019,0.0,2.3361812898005752e-11,0.1818993362904399,5.457743018814279e-22,0.03308736854290254,-0.03308736854290254
2018,2018,2019,26,DZ,2019,0.0,139.03450778530473,3.2914989229580955,19330.59435510196,10.833965159834303,19319.760389942126
2018,2018,2019,27,EC,2019,15.0,17.00383087267624,6.531500026991194,4.0153381662904195,71.71549179285017,-67.70015362655975
2018,2018,2019,28,EE,2019,20.0,20.18804891330867,2.7734117461271186,0.035362393796571606,296.7553428684712,-296.7199804746746
2018,2018,2019,29,EG,2019,136.0,174.77725165073142,318.50098260973243,1503.6752455841522,33306.60865351786,-31802.93340793371
2018,2018,2019,30,ES,2019,643.0,783.4983231881807,295.15759930156014,19739.778818690484,120994.33572365399,-101254.55690496351
2018,2018,2019,31,ET,2019,32.0,14.55776584193911,3.381605997407051,304.23153242462615,819.0124752876482,-514.780942863022
2018,2018,2019,32,FI,2019,3461.0,39.368013578890455,109.36031574068505,11707565.450500067,11233488.57310188,474076.8773981873
2018,2018,2019,33,FR,2019,4304.0,2720.2483002086415,3034.739742636554,2508269.4465920175,1611021.6009223207,897247.8456696968
2018,2018,2019,34,GB,2019,11242.0,3712.322616538691,10667.05622020445,56696041.49900874,330560.34992559464,56365481.149083145
2018,2018,2019,35,GE,2019,19.0,52.561686888352,18.35189774215509,1126.3868267917785,0.420036536623672,1125.9667902551548
2018,2018,2019,36,GR,2019,1476.0,880.846606507065,1507.5984922182568,354207.5617861564,998.4647104672325,353209.0970756892
2018,2018,2019,37,GT,2019,0.0,2.3337952138970677e-11,0.14225447632141144,5.44660010040886e-22,0.02023633603347901,-0.02023633603347901
2018,2018,2019,38,HK,2019,20.0,23.50420397735674,18.549477332782953,12.279445514922807,2.104016008110457,10.17542950681235
2018,2018,2019,39,HN,2019,0.0,2.662906692256935,0.4667496969621836,7.09107205166677,0.21785527961429021,6.87321677205248
2018,2018,2019,40,HR,2019,3580.0,2630.8945535778103,1961.3896908515205,900801.1484282641,2619899.332881736,-1719098.184453472
2018,2018,2019,41,HU,2019,1346.0,391.9010165964496,2170.138066052104,910304.8701316883,679203.5519161022,231101.31821558613
2018,2018,2019,42,ID,2019,0.0,3.4985985471490295,3.5380652413971956,12.2401917941133,12.517905652382996,-0.27771385826969563
2018,2018,2019,43,IE,2019,12.0,35.81752393467681,6.495431267959786,567.2744463789026,30.30027692575481,536.9741694531477
2018,2018,2019,44,IL,2019,173.0,91.68136710045847,42.698111574585525,6612.720056650398,16978.582127229158,-10365.86207057876
2018,2018,2019,45,IN,2019,32823.0,39119.14616285251,11067.549037881556,39641456.50400234,473299646.56514037,-433658190.06113803
2018,2018,2019,46,IQ,2019,272.0,283.7266406296934,160.52009072103928,137.51410045797618,12427.770172845312,-12290.256072387336
2018,2018,2019,47,IR,2019,0.0,10.690253221549426,42.46489421643061,114.28151394084789,1803.2672408126416,-1688.9857268717938
2018,2018,2019,48,IT,2019,22602.0,40376.61046126378,10052.291042964513,315936777.0496678,157495194.90629673,158441582.14337105
2018,2018,2019,49,JO,2019,14.0,146.39358223128056,18.09900464623319,17528.06061603085,16.801839089841284,17511.25877694101
2018,2018,2019,50,JP,2019,216.0,530.526987173166,703.5178821967417,98927.22566022896,237673.68546159606,-138746.4598013671
2018,2018,2019,51,KE,2019,15.0,5.071653050014263,1.7637974330627897,98.5720731592911,175.1970583929952,-76.6249852337041
2018,2018,2019,52,KG,2019,0.0,0.1626796186250139,0.38239519129585964,0.02646465831597997,0.14622608232619708,-0.11976142401021711
2018,2018,2019,53,KH,2019,0.0,2.2320086865062743e-11,-0.07529929656376766,4.981862776639463e-22,0.005669984062998232,-0.005669984062998232
2018,2018,2019,54,KR,2019,4.0,700.4115716402523,4.68671410856651,484989.07711444626,0.47157626690429627,484988.60553817934
2018,2018,2019,55,KW,2019,176.0,79.8538058582492,25.140053173376284,9244.090647943236,22758.723556531735,-13514.632908588499
2018,2018,2019,56,KZ,2019,1669.0,10419.559448184837,238.21018619351142,76572290.6562169,2047159.4912924063,74525131.1649245
2018,2018,2019,57,LA,2019,0.0,0.9659366847449127,0.08889145614875728,0.9330336789359929,0.007901690976246437,0.9251319879597464
2018,2018,2019,58,LB,2019,0.0,21.867989797057337,13.079832333619802,478.2089777642038,171.08201387560604,307.12696388859774
2018,2018,2019,59,LI,2019,1.0,2.947655081430827,2.323093558856165,3.7933603162233216,1.750576565486672,2.0427837507366498
2018,2018,2019,60,LK,2019,0.0,2.439248576908917e-11,0.5308085528864104,5.949933619952178e-22,0.28175771981736514,-0.28175771981736514
2018,2018,2019,61,LT,2019,267.0,366.3432671041554,67.49944986796477,9869.084718927568,39800.469502984706,-29931.38478405714
2018,2018,2019,62,LU,2019,270.0,164.0948508386977,254.64770746325382,11215.900618877688,235.69288613383236,10980.207732743855
2018,2018,2019,63,LV,2019,154.0,2.907566103845973,1.0725394996541866,22828.923580663675,23386.808175084825,-557.8845944211498
2018,2018,2019,64,LY,2019,152.0,476.3305639632187,1279.2222452549008,105190.3147206995,1270629.9901974997,-1165439.6754768002
2018,2018,2019,65,MA,2019,0.0,1.5260256992841983,0.38731339026770306,2.3287544348758265,0.15001166228066207,2.1787427725951645
2018,2018,2019,66,MD,2019,13.0,24.62526674058915,7.746638561889257,135.1468267898483,27.597806399428976,107.54902039041932
2018,2018,2019,67,ME,2019,19557.0,20338.52353923024,15253.333477281865,610779.0423709579,18521545.5387648,-17910766.496393844
2018,2018,2019,68,MK,2019,44125.0,47251.17700442713,38921.521000315115,9772982.663009,27076193.70016161,-17303211.03715261
2018,2018,2019,69,MM,2019,0.0,3.5016321115842883,3.598030091040481,12.261427444878242,12.945820536032771,-0.6843930911545293
2018,2018,2019,70,MT,2019,53.0,8.87981050027932,51.34227916090232,1946.591121491263,2.748038380378709,1943.8430831108844
2018,2018,2019,71,MU,2019,0.0,2.447377070206397e-11,0.29880030016413484,5.989654523772048e-22,0.08928161937817708,-0.08928161937817708
2018,2018,2019,72,MX,2019,0.0,6.884097262017396,2.3444933141885875,47.390795112915406,5.496648900274987,41.89414621264042
2018,2018,2019,73,MY,2019,11.0,7.24905786474273,3.260954387375847,14.069566902048365,59.89282699427715,-45.823260092228786
2018,2018,2019,74,NG,2019,7.0,14.450619946434898,6.213851886001134,55.51173758621356,0.6180288571439743,54.89370872906959
2018,2018,2019,75,NI,2019,36.0,20.52235560006725,10.786487573442832,239.5574761707696,635.7212088841526,-396.16373271338296
2018,2018,2019,76,NL,2019,16300.0,6983.598752246917,11004.510601091775,86795332.2091352,28042207.97394939,58753124.23518582
2018,2018,2019,77,NO,2019,331.0,199.9305217004947,263.58868772716824,17179.208141704494,4544.285022345239,12634.923119359255
2018,2018,2019,78,NZ,2019,0.0,2.3994978709896086e-11,0.4213136839492817,5.7575900328836645e-22,0.17750522028291524,-0.17750522028291524
2018,2018,2019,79,OM,2019,15.0,107.37468593823057,56.0200063572902,8533.082602186732,1682.6409215521285,6850.4416806346035
2018,2018,2019,80,PE,2019,0.0,2.3783791185476113e-11,0.12355783433052582,5.656687231543312e-22,0.015266538424449664,-0.015266538424449664
2018,2018,2019,81,PH,2019,0.0,3.1239674104883757,3.0110301336728478,9.759172381793448,9.066302465885927,0.6928699159075205
2018,2018,2019,82,PK,2019,13.0,36.313202809558845,100.98818251258979,543.5054252396225,7741.920261868811,-7198.414836629189
2018,2018,2019,83,PL,2019,5144.0,3385.9914963128554,4389.554667102183,3090593.8990363134,569187.760331298,2521406.138705015
2018,2018,2019,84,PT,2019,58.0,41.6054012065937,1.3552960851223612,268.7828695967594,3208.622481604154,-2939.839612007395
2018,2018,2019,85,PY,2019,0.0,2.49539880200243e-11,-0.04874102207699654,6.227015181035163e-22,0.002375687233110264,-0.002375687233110264
2018,2018,2019,86,QA,2019,140.0,122.98384837629685,13.28521358159274,289.5494160808554,16056.637097062569,-15767.087680981713
2018,2018,2019,87,RO,2019,1621.0,1097.184778671244,1731.496624646889,274382.3860956937,12209.504058355456,262172.8820373382
2018,2018,2019,88,RU,2019,0.0,11.039093795992386,4.675674241510476,121.8615918367176,21.86192961272457,99.99966222399303
2018,2018,2019,89,SA,2019,98.0,55.935722580960636,6.250975158146718,1769.403434785905,8417.883559431011,-6648.480124645106
2018,2018,2019,90,SC,2019,0.0,0.9760200773254776,0.3307492161655488,0.9526151913424312,0.10939504399412493,0.8432201473483063
2018,2018,2019,91,SE,2019,3003.0,1076.813699247181,1423.453842425009,3710193.66520783,2494966.063909918,1215227.6012979117
2018,2018,2019,92,SG,2019,163.0,17.41038195504332,22.324302437568342,21196.33688247638,19789.65188467674,1406.684997799639
2018,2018,2019,93,SI,2019,7005.0,3326.4860308346797,10875.939829201487,13531465.0213444,14984175.161298435,-1452710.139954036
2018,2018,2019,94,SK,2019,270.0,1400.9196484090178,120.66292030917768,1278979.2511575765,22301.563370583015,1256677.6877869933
2018,2018,2019,95,SL,2019,0.0,3.9853039464814883,1.654755374638772,15.882647545840925,2.7382153498959028,13.144432195945022
2018,2018,2019,96,SM,2019,0.0,2.5748400951522288e-11,0.7923362484735276,6.629801515603538e-22,0.6277967306451037,-0.6277967306451037
2018,2018,2019,97,SY,2019,0.0,20.155657828392886,2.2976516759488548,406.25054249525544,5.2792032239905815,400.97133927126487
2018,2018,2019,98,TH,2019,0.0,1.7989697905216004,1.0052946470340698,3.236292307209331,1.010617327355355,2.2256749798539763
2018,2018,2019,99,TM,2019,0.0,2.446318468853171e-11,0.08670560293197592,5.984474051052123e-22,0.007517861579797471,-0.007517861579797471
2018,2018,2019,100,TN,2019,31.0,244.2936188407083,59.56954388290008,45494.16783816535,816.2188376769533,44677.94900048839
2018,2018,2019,101,TR,2019,7972.0,12482.352502678237,10843.613646669304,20343279.69841584,8246164.93573738,12097114.76267846
2018,2018,2019,103,TZ,2019,1.0,0.32701464620343373,1.4246019914228993,0.4529092864246894,0.18028685112029189,0.27262243530439756
2018,2018,2019,104,UA,2019,23.0,92.052688290408,41.28557617788272,4768.27376013225,334.36229615715195,4433.911463975098
2018,2018,2019,105,UG,2019,1.0,2.41147415818912e-11,0.17677596602930246,0.9999999999517706,0.6776978101069882,0.3223021898447824
2018,2018,2019,106,US,2019,3168.0,1375.2601072474506,1046.4675256678406,3213916.3230664223,4500900.0396459345,-1286983.7165795122
2018,2018,2019,107,UY,2019,1.0,0.690172980551432,0.12198861073131319,0.09599278198038337,0.7709039996855295,-0.6749112177051461
2018,2018,2019,108,UZ,2019,167.0,2.5408409084942697e-11,0.39905008438982764,27888.999999991513,27755.876512783645,133.12348720786758
2018,2018,2019,109,VE,2019,0.0,7.538442370812304,0.27597500017217075,56.828113378058234,0.07616220072002965,56.751951177338206
2018,2018,2019,110,VN,2019,165.0,7.678755384637837,7.734551826152661,24749.97400732662,24732.421189321067,17.55281800555167
2018,2018,2019,111,XS,2019,27361.0,36045.39426790801,26865.77284150444,75418703.80047344,245249.93851158622,75173453.86196186
2018,2018,2019,112,ZA,2019,70.0,2304.254261155713,17.710355645894673,4991892.10349246,2734.206906678819,4989157.896585781
2019,2019,2020,0,AE,2020,196.0,445.01930616414563,304.18384449798265,62010.614842472496,11703.74421036369,50306.87063210881
2019,2019,2020,1,AL,2020,110231.0,66944.75726552709,76703.22996513675,1873698810.0677085,1124111363.510674,749587446.5570345
2019,2019,2020,2,AR,2020,33.0,3.599570652729823,2.2142933826085756,864.3852458038255,947.7597319320982,-83.37448612827279
2019,2019,2020,3,AT,2020,7066.0,8618.750500945545,9934.588643576099,2411034.118186642,8228800.806053761,-5817766.68786712
2019,2019,2020,4,AU,2020,207.0,138.09734178084952,12.71500129917599,4747.576309665065,37746.66072017919,-32999.08441051413
2019,2019,2020,5,AZ,2020,3.0,34.718147940651896,8.584076153964713,1006.0409087850801,31.181906493277335,974.8590022918028
2019,2019,2020,6,BA,2020,7286.0,7220.440178230428,7263.6728321644205,4298.0902304581,498.50242355813714,3799.587806899963
2019,2019,2020,7,BD,2020,0.0,3.9852500450648476,23.756901522695966,15.882217921689369,564.3903699590738,-548.5081520373844
2019,2019,2020,8,BE,2020,7884.0,5228.612940337568,4648.102167046477,7051080.436622696,10471034.785313306,-3419954.3486906104
2019,2019,2020,9,BG,2020,7031.0,5633.840152255685,4067.0451434185698,1952055.6401489172,8785028.391852647,-6832972.75170373
2019,2019,2020,10,BR,2020,19.0,9.274178353492504,1.787968013053075,94.59160669967379,296.2540451196841,-201.66243842001035
2019,2019,2020,11,BY,2020,0.0,2.5984251875373756e-11,0.7916552198294765,6.751813455228645e-22,0.6267179870832568,-0.6267179870832568
2019,2019,2020,12,CA,2020,1822.0,28.365839541033345,64.07326209600255,3217123.501565342,3090306.41583779,126817.08572755195
2019,2019,2020,13,CH,2020,38852.0,24392.457815724574,22348.980479112208,209078360.17884055,272349653.3068035,-63271293.12796298
2019,2019,2020,14,CI,2020,2.0,3.3823884272819713,0.7700901855059509,1.9109977638831221,1.5126781517887866,0.39831961209433553
2019,2019,2020,15,CL,2020,0.0,2.6047150256650385e-11,0.26784068797049876,6.784540364925222e-22,0.07173863413251008,-0.07173863413251008
2019,2019,2020,16,CM,2020,0.0,2.495197993385116e-11,0.024500921136047932,6.226013026193109e-22,0.0006002951365148403,-0.0006002951365148403
2019,2019,2020,17,CN,2020,3796.0,13850.219792871172,4642.722734287159,101087335.64336243,716939.3887587233,100370396.25460371
2019,2019,2020,18,CO,2020,183.0,78.72409678465807,82.0423025509035,10873.463991375356,10192.456674223306,681.0073171520507
2019,2019,2020,19,CR,2020,0.0,2.511248622944924e-11,0.08501893661851802,6.306369646242778e-22,0.007228219583743584,-0.007228219583743584
2019,2019,2020,20,CU,2020,0.0,2.4484542759453876e-11,0.6589220232622399,5.994928341395252e-22,0.43417823274000383,-0.43417823274000383
2019,2019,2020,21,CY,2020,252.0,1008.6457599163012,60.14259571034477,572512.805999317,36809.263580764215,535703.5424185528
2019,2019,2020,22,CZ,2020,2422.0,980.8198497836178,1954.8858681936213,2077000.2253777138,218195.61213322697,1858804.6132444867
2019,2019,2020,23,DE,2020,43980.0,20233.400726028136,32168.48750500088,563900977.078601,139511827.41952032,424389149.6590807
2019,2019,2020,24,DK,2020,1038.0,1323.1425942680917,4040.7839772946604,81306.29906593755,9016711.614297539,-8935405.3152316
2019,2019,2020,25,DO,2020,0.0,2.531472108377194e-11,0.26988765665753967,6.408351035491676e-22,0.07283934721609801,-0.07283934721609801
2019,2019,2020,26,DZ,2020,0.0,130.12038554329538,2.9835401768488947,16931.314733935833,8.901511986871533,16922.413221948962
2019,2019,2020,27,EC,2020,13.0,18.22292129641056,7.23708395904169,27.27890686849898,33.21120129513461,-5.932294426635629
2019,2019,2020,28,EE,2020,46.0,22.71708469540336,13.593491026542768,542.0941450810204,1050.1818238467642,-508.0876787657438
2019,2019,2020,29,EG,2020,389.0,170.91407051199477,51.34888116492241,47561.47264064719,114008.27805057967,-66446.80540993248
2019,2019,2020,30,ES,2020,699.0,881.232871159854,426.212069775344,33208.81933116394,74413.2548762518,-41204.43554508786
2019,2019,2020,31,ET,2020,0.0,17.616462448041293,8.804142162040858,310.339749183249,77.51291920942548,232.82682997382352
2019,2019,2020,32,FI,2020,5326.0,469.7091501839769,2483.8863344183233,23583560.818006832,8077610.088086115,15505950.729920717
2019,2019,2020,33,FR,2020,7619.0,3275.100164831522,5479.018909454036,18869465.777976736,4579519.067894295,14289946.710082442
2019,2019,2020,34,GB,2020,14803.0,5180.292307679885,11298.683796151841,92596503.33183672,12280232.05655277,80316271.27528395
2019,2019,2020,35,GE,2020,31.0,51.692264988232324,15.436293077909992,428.16983034322527,242.2289731567124,185.94085718651286
2019,2019,2020,36,GR,2020,1474.0,1085.299893826427,1045.613777625202,151087.77253934692,183514.75552054995,-32426.982981203037
2019,2019,2020,37,GT,2020,0.0,2.4438970204298233e-11,0.11680242499330347,5.972632646465768e-22,0.013642806484316284,-0.013642806484316284
2019,2019,2020,38,HK,2020,186.0,24.690691326526856,4.258094509676606,26020.693064713836,33030.12021125364,-7009.427146539805
2019,2019,2020,39,HN,2020,0.0,2.458236994539172,0.4003080439552581,6.042929121320983,0.16024653005528486,5.882682591265698
2019,2019,2020,40,HR,2020,4322.0,3119.1204000660123,2709.8160070989034,1446919.3319373503,2599137.226966523,-1152217.8950291728
2019,2019,2020,41,HU,2020,2657.0,561.7016973889046,1151.8793027148804,4390274.976924938,2265388.3133960445,2124886.6635288936
2019,2019,2020,42,ID,2020,0.0,3.222700920068373,0.6905652131358591,10.385801220209538,0.47688031359337446,9.908920906616164
2019,2019,2020,43,IE,2020,112.0,37.01193667271464,14.915245386327676,5623.209641576959,9425.449578396969,-3802.2399368200095
2019,2019,2020,44,IL,2020,86.0,108.64344348484276,283.5480896007747,512.7255328512682,39025.2477049157,-38512.52217206443
2019,2019,2020,45,IN,2020,618.0,41145.4468895126,35907.06062302553,1642473951.3822644,1245317799.655571,397156151.7266934
2019,2019,2020,46,IQ,2020,298.0,318.9495966240855,200.0637950053749,438.8855987118934,9591.500248749227,-9152.614650037334
2019,2019,2020,47,IR,2020,37.0,10.00256761501989,4.254727091545208,728.8613553815727,1072.2528978491835,-343.39154246761075
2019,2019,2020,48,IT,2020,28721.0,43693.85797220728,16784.33712244617,224186475.85589117,142483920.65237167,81702555.2035195
2019,2019,2020,49,JO,2020,32.0,135.67849449459345,8.316985945543323,10749.230220665444,560.8851547035925,10188.345065961852
2019,2019,2020,50,JP,2020,229.0,513.5364219006535,545.1216009771804,80960.9753880267,99932.86660437565,-18971.89121634896
2019,2019,2020,51,KE,2020,5.0,6.818193790046064,4.695302238897485,3.305828658162071,0.09284072562088544,3.2129879325411856
2019,2019,2020,52,KG,2020,0.0,0.15316422499174442,0.46387753850089064,0.023459279817321706,0.21518237072564528,-0.19172309090832357
2019,2019,2020,53,KH,2020,0.0,2.383216667118563e-11,-0.0653807370493202,5.679721682431711e-22,0.004274640777112351,-0.004274640777112351
2019,2019,2020,54,KR,2020,96.0,635.7008799013923,11.71461383399021,291277.03976633714,7104.026321153394,284173.01344518375
2019,2019,2020,55,KW,2020,282.0,105.79215520211065,217.27797544055804,31049.20456831706,4188.940463073009,26860.264105244052
2019,2019,2020,56,KZ,2020,960.0,9793.097915073042,1128.8234126488085,78023618.77726772,28501.344658389866,77995117.43260933
2019,2019,2020,57,LA,2020,0.0,0.879463779510424,0.16604013420006353,0.7734565394707597,0.027569326165175104,0.7458872133055845
2019,2019,2020,58,LB,2020,0.0,22.345063310272582,1.7615582718467004,499.3018543400899,3.1030875451115336,496.1987667949784
2019,2019,2020,59,LI,2020,9.0,2.8181570396723514,2.655440504818455,38.2151823861525,40.2534351878983,-2.0382528017457986
2019,2019,2020,60,LK,2020,0.0,2.578409607796192e-11,0.5235233770233299,6.648196105575714e-22,0.2740767262899116,-0.2740767262899116
2019,2019,2020,61,LT,2020,26.0,396.1660182024201,193.00228732731756,137022.8810318344,27889.76397255593,109133.11705927848
2019,2019,2020,62,LU,2020,260.0,194.8316111359484,245.0838803471844,4246.918907136243,222.49062549711206,4024.4282816391315
2019,2019,2020,63,LV,2020,15.0,21.586692451410507,20.03109193641383,43.38451744946815,25.31188607264826,18.07263137681989
2019,2019,2020,64,LY,2020,742.0,502.0449599817165,21.290743765364727,57578.42123017604,519421.8320222812,-461843.41079210513
2019,2019,2020,65,MA,2020,0.0,1.403229444984285,0.44491545857291204,1.9690528752709047,0.1979497652771446,1.77110310999376
2019,2019,2020,66,MD,2020,8.0,24.494470219702954,18.806295121847665,272.0675478286676,116.77601426046864,155.291533568199
2019,2019,2020,67,ME,2020,18577.0,22263.570887921553,21641.458558264465,13590804.911670705,9390906.255320324,4199898.656350382
2019,2019,2020,68,MK,2020,44082.0,49824.38625089855,46070.43555129306,32974999.854508676,3953875.9416461485,29021123.912862528
2019,2019,2020,69,MM,2020,0.0,3.139111780075258,1.57224924140637,9.854022767807255,2.471967677102906,7.382055090704348
2019,2019,2020,70,MT,2020,41.0,15.146121710346383,41.989229675782134,668.4230226162225,0.9785753514480263,667.4444472647745
2019,2019,2020,71,MU,2020,15.0,2.6936006482777762e-11,0.2073230201808781,224.9999999991919,218.82329222927058,6.176707769921336
2019,2019,2020,72,MX,2020,2.0,6.461420924640549,1.9896089799688657,19.904276666820536,0.00010797329728743522,19.90416869352325
2019,2019,2020,73,MY,2020,0.0,8.419114131932112,11.034258343673484,70.881482766499,121.7548571949279,-50.87337442842889
2019,2019,2020,74,NG,2020,11.0,14.678140316427259,12.122132247218405,13.528716187327614,1.2591807802474266,12.269535407080188
2019,2019,2020,75,NI,2020,35.0,24.114815112423877,8.542951983195897,118.48725003671562,699.9753897634779,-581.4881397267623
2019,2019,2020,76,NL,2020,21831.0,8987.50847651159,10596.126976720569,164955274.51391864,126222371.84921192,38732902.66470672
2019,2019,2020,77,NO,2020,278.0,238.77017328846534,305.7624721937661,1538.979303817038,770.7548623096351,768.224441507403
2019,2019,2020,78,NZ,2020,1.0,2.5138013872481576e-11,0.841641026367634,0.999999999949724,0.025077564529896373,0.9749224354198276
2019,2019,2020,79,OM,2020,16.0,103.10416949273757,5.2296948128274465,7587.136343019554,115.99947382483602,7471.136869194718
2019,2019,2020,80,PE,2020,0.0,2.5763420523100244e-11,0.07273325033013503,6.637538370501029e-22,0.0052901257035860875,-0.0052901257035860875
2019,2019,2020,81,PH,2020,0.0,2.8734071389835565,1.3262128513196856,8.256468586361667,1.7588405270054905,6.497628059356176
2019,2019,2020,82,PK,2020,0.0,35.436003255478965,6.869178793605232,1255.7103267223158,47.18561729851583,1208.5247094238
2019,2019,2020,83,PL,2020,5215.0,4015.9835517466076,4807.721884736324,1437640.44318218,165875.46317273233,1271764.9800094476
2019,2019,2020,84,PT,2020,22.0,49.32867082074353,28.039427904875588,746.8562488285589,36.47468941818993,710.381559410369
2019,2019,2020,85,PY,2020,0.0,2.6313399610901066e-11,-0.05655331942423046,6.923949990829684e-22,0.0031982779378990425,-0.0031982779378990425
2019,2019,2020,86,QA,2020,209.0,139.7431918326095,79.5496733166127,4796.505477534726,16757.38707843569,-11960.881600900964
2019,2019,2020,87,RO,2020,2309.0,1297.2309370670905,1490.0526486722981,1023676.6367081378,670674.7642466584,353001.8724614794
2019,2019,2020,88,RU,2020,24.0,10.264091837423958,4.5692458258441775,188.67517305072312,377.5542077764739,-188.87903472575078
2019,2019,2020,89,SA,2020,130.0,68.13187400988392,40.15346157291475,3827.6650135288774,8072.400467329707,-4244.735453800829
2019,2019,2020,90,SC,2020,0.0,0.9608454166328799,0.3773288730364344,0.9232239146644126,0.14237707842694564,0.780846836237467
2019,2019,2020,91,SE,2020,8969.0,1442.64857599066,2552.6968581557758,56645965.75768742,41168946.00804006,15477019.749647357
2019,2019,2020,92,SG,2020,60.0,41.33715798325845,12.611382109465916,348.3016721418538,2245.6811055750472,-1897.3794334331933
2019,2019,2020,93,SI,2020,3999.0,4199.8993241775115,7645.951708471614,40360.538454980866,13300256.763924027,-13259896.225469045
2019,2019,2020,94,SK,2020,161.0,1428.4846775759504,500.3752258117704,1606517.4078898109,115175.54389479016,1491341.8639950207
2019,2019,2020,95,SL,2020,21.0,3.5722769877709832,0.4680928550434553,303.7255293909768,421.55921100911763,-117.83368161814082
2019,2019,2020,96,SM,2020,0.0,2.663145926361711e-11,1.0545093146172855,7.092346225096975e-22,1.1119898946146172,-1.1119898946146172
2019,2019,2020,97,SY,2020,0.0,21.372594746077432,0.6734392757277069,456.78780618005663,0.45352045809265845,456.33428572196397
2019,2019,2020,98,TH,2020,0.0,1.674354327876779,1.0327904911992105,2.8034624152797,1.0666561987115066,1.7368062165681935
2019,2019,2020,99,TM,2020,0.0,2.532311511734169e-11,0.08849357618532479,6.412601592461393e-22,0.007831113026067883,-0.007831113026067883
2019,2019,2020,100,TN,2020,0.0,223.3619398991939,31.085839106725373,49890.55619553111,966.3293929692165,48924.2268025619
2019,2019,2020,101,TR,2020,11040.0,12646.494176753751,9542.49669103682,2580823.5399437128,2242516.1603556727,338307.37958804006
2019,2019,2020,103,TZ,2020,1.0,0.43801365657133623,0.6734770794163089,0.3158286502003201,0.10661721766650348,0.2092114325338166
2019,2019,2020,104,UA,2020,70.0,86.78613189037497,16.08389888994075,281.7742238410637,2906.9459589101325,-2625.1717350690687
2019,2019,2020,105,UG,2020,1.0,0.14980539614117486,0.1346916814772897,0.7228308644306647,0.7487584861046003,-0.025927621673935586
2019,2019,2020,106,US,2020,23566.0,1735.4842669407346,1447.2531212668487,476571417.17134815,489238963.4854676,-12667546.314119458
2019,2019,2020,107,UY,2020,0.0,0.808942294194643,0.1587980480460607,0.6543876353368924,0.025216820063239005,0.6291708152736534
2019,2019,2020,108,UZ,2020,0.0,26.73263820163952,143.11300431233914,714.6339452197567,20481.332003303603,-19766.698058083846
2019,2019,2020,109,VE,2020,0.0,7.47400878866021,-0.14856160343687233,55.86080737297005,0.022070550015734516,55.83873682295432
2019,2019,2020,110,VN,2020,13.0,30.87855622397888,26.35242600914924,319.6427726539739,178.28728032980513,141.35549232416878
2019,2019,2020,111,XS,2020,30522.0,33548.19383771261,29737.5797207247,9157849.143409796,615315.1745383373,8542533.96887146
2019,2019,2020,112,ZA,2020,87.0,2164.5897225103254,109.52483530919451,4316379.055080531,507.36820570633597,4315871.686874825
2020,2020,2021,0,AE,2021,445.0,406.2242194686906,127.90264460494504,1503.5611558122737,100550.73279853778,-99047.1716427255
2020,2020,2021,1,AL,2021,111329.0,72655.99000393205,74646.00947712512,1495601702.1559718,1345641793.7013285,149959908.45464325
2020,2020,2021,2,AR,2021,92.0,7.658785231792207,2.4088398162155196,7113.440508576952,8026.57598307653,-913.1354744995779
2020,2020,2021,3,AT,2021,10553.0,8920.575742513469,7500.24215100442,2664808.9564304524,9319330.484604122,-6654521.52817367
2020,2020,2021,4,AU,2021,948.0,146.90562071987978,26.353580308303137,641752.204514201,849432.1229305235,-207679.91841632244
2020,2020,2021,5,AZ,2021,44.0,29.30616749731907,2.122054481976284,215.90871361684253,1753.7623208105626,-1537.85360719372
2020,2020,2021,6,BA,2021,11249.0,7234.269796528192,11582.975573493051,16118058.606668783,111539.68369001253,16006518.92297877
2020,2020,2021,7,BD,2021,0.0,3.6029725937157555,4.308790835533727,12.981411511066838,18.56567846437943,-5.584266953312593
2020,2020,2021,8,BE,2021,10509.0,5805.857496447445,10649.510597369728,22119549.408722598,19743.22797319787,22099806.1807494
2020,2020,2021,9,BG,2021,16696.0,6044.9590084507945,8186.263291525783,113444674.20366149,72415618.84755363,41029055.35610786
2020,2020,2021,10,BR,2021,17.0,10.61399596825325,7.440118263092842,40.78104749348576,91.39133882365103,-50.61029133016527
2020,2020,2021,11,BY,2021,1.0,2.6437497239184887e-11,1.2932834356102414,0.999999999947125,0.08601517360334661,0.9139848263437783
2020,2020,2021,12,CA,2021,5702.0,270.2119654578872,1589.2915295252726,29504321.252194867,16914370.963114575,12589950.289080292
2020,2020,2021,13,CH,2021,56196.0,26672.644336512498,19837.940052745103,871628529.6327796,1321908523.1281805,-450279993.4954009
2020,2020,2021,14,CI,2021,4.0,3.2369851926612005,4.86484452691551,0.5821915962182652,0.7479560557357124,-0.16576445951744723
2020,2020,2021,15,CL,2021,1.0,2.6140339214717826e-11,0.911179812324847,0.9999999999477194,0.007889025738649398,0.99211097420907
2020,2020,2021,16,CM,2021,19.0,2.5784781151364663e-11,0.2180874946261514,360.99999999902013,352.7602373595186,8.23976263950152
2020,2020,2021,17,CN,2021,1710.0,12563.751238456623,2966.3901227014317,117803915.94629869,1578516.1404217186,116225399.80587697
2020,2020,2021,18,CO,2021,58.0,92.4672359539727,50.96853985155036,1187.9903543068287,49.441431819235426,1138.5489224875932
2020,2020,2021,19,CR,2021,0.0,2.628447594163052e-11,0.2516942499183479,6.9087367552615365e-22,0.06334999544195977,-0.06334999544195977
2020,2020,2021,21,CY,2021,182.0,964.0292058316521,17.758792193751447,611569.6787736845,26975.17434165532,584594.5044320292
2020,2020,2021,22,CZ,2021,2441.0,1193.664128907329,2774.5153709842502,1555846.7753145122,111232.50268276206,1444614.2726317502
2020,2020,2021,23,DE,2021,61769.0,24154.197421561254,42626.93075220124,1414873373.014922,366418815.08752304,1048454557.9273989
2020,2020,2021,24,DK,2021,2972.0,1356.274955716871,1555.0279426799955,2610567.4187237187,2007809.8112256862,602757.6074980325
2020,2020,2021,25,DO,2021,0.0,2.5639072858119057e-11,0.4184133567522835,6.573620570239373e-22,0.17506973710871368,-0.17506973710871368
2020,2020,2021,26,DZ,2021,28.0,111.33022283292523,1.5945944818913314,6943.926037384973,697.2454405757637,6246.680596809209
2020,2020,2021,27,EC,2021,14.0,17.61227292645891,8.806865715702047,13.048515695228021,26.96864369475081,-13.920127999522789
2020,2020,2021,28,EE,2021,32.0,26.478008841162644,25.683609778933604,30.492386358277923,39.89678542478319,-9.404399066505267
2020,2020,2021,29,EG,2021,722.0,202.7841701457495,304.79929891134805,269585.077971238,174056.4249888627,95528.6529823753
2020,2020,2021,30,ES,2021,5337.0,901.5208078651457,717.5698221202058,19673475.66386126,21339135.16830655,-1665659.5044452883
2020,2020,2021,31,ET,2021,1.0,15.875561579183325,1.9950649246269094,221.28233229607508,0.9901542042227569,220.29217809185232
2020,2020,2021,32,FI,2021,251.0,1066.9287387642855,5489.507371182564,665739.7067414777,27441959.477934062,-26776219.771192584
2020,2020,2021,33,FR,2021,10461.0,3953.3840522653627,10395.015978434289,42349065.32321018,4353.8911019842635,42344711.43210819
2020,2020,2021,34,GB,2021,7274.0,6512.557708245299,15563.90309636267,579794.3636726509,68722493.34708339,-68142698.98341075
2020,2020,2021,35,GE,2021,34.0,48.57692083814279,8.450911147250924,212.4866211214815,652.7559412056671,-440.2693200841856
2020,2020,2021,36,GR,2021,4150.0,1177.0993312767118,2181.443661828519,8838138.386095375,3875214.0565551105,4962924.329540264
2020,2020,2021,37,GT,2021,1.0,2.5407973235740657e-11,0.1865611400736971,0.999999999949184,0.6616827788382035,0.3383172211109805
2020,2020,2021,38,HK,2021,2.0,47.07930997127589,21.247960413480115,2032.144187486374,370.4839800788976,1661.6602074074763
2020,2020,2021,39,HN,2021,0.0,2.1187284742105987,0.04305717877131669,4.489010347430772,0.001853920643745125,4.487156426787027
2020,2020,2021,40,HR,2021,6378.0,3377.4595129690483,4302.794480350222,9003243.21431194,4306477.948784904,4696765.265527037
2020,2020,2021,41,HU,2021,3459.0,828.5445727014924,1928.4468085685228,6919295.755004176,2342593.0718010804,4576702.683203096
2020,2020,2021,42,ID,2021,1.0,2.8225815903941758,2.3308638751462976,3.321803653643763,1.7711986541694198,1.5506049994743434
2020,2020,2021,43,IE,2021,322.0,46.919686321838554,67.04576622247315,75669.17897327572,65001.661321085805,10667.517652189912
2020,2020,2021,44,IL,2021,356.0,105.89376832572127,55.256523546182585,62553.12712230798,90446.63862952785,-27893.511507219868
2020,2020,2021,45,IN,2021,4869.0,35865.17841793663,1342.1432418724075,960763076.5165606,12438718.59235027,948324357.9242103
2020,2020,2021,46,IQ,2021,72.0,314.45423591506363,176.22390629271305,58784.05651315733,10862.62264291223,47921.4338702451
2020,2020,2021,47,IR,2021,0.0,13.184122333484074,4.3739541236127515,173.82108170427355,19.131474675468993,154.68960702880457
2020,2020,2021,48,IT,2021,60186.0,43848.74460077639,30964.312393351363,266905913.9794611,853907026.5805625,-587001112.6011014
2020,2020,2021,49,JO,2021,122.0,124.88331971770192,8.717358869659941,8.313532594488697,12832.956781465413,-12824.643248870923
2020,2020,2021,50,JP,2021,319.0,489.7751411775559,157.6229100959897,29164.148844214145,26042.56514588702,3121.5836983271256
2020,2020,2021,51,KE,2021,632.0,6.75003092580875,1.5610775250947702,390937.52382727707,397453.23497131956,-6515.711144042492
2020,2020,2021,52,KG,2021,0.0,0.1342679633252009,0.20951856158744872,0.018027885975497496,0.04389802764967354,-0.025870141674176048
2020,2020,2021,53,KH,2021,2.0,2.513201848581619e-11,-0.015621100475297623,3.9999999998994715,4.062728420681251,-0.06272842078177909
2020,2020,2021,54,KR,2021,52.0,570.5085091420666,17.039057401020294,268851.07405272854,1222.267507409154,267628.8065453194
2020,2020,2021,55,KW,2021,254.0,125.91188585864121,185.79334150223042,16406.564984289762,4652.148263431363,11754.416720858399
2020,2020,2021,56,KZ,2021,10474.0,8556.997860981342,1327.9436075216026,3674897.2010021084,83650347.53439493,-79975450.33339283
2020,2020,2021,57,LA,2021,1.0,0.8007351186045789,0.21333252853480558,0.03970649295753123,0.6188457106614426,-0.5791392177039113
2020,2020,2021,58,LB,2021,169.0,20.63199234400018,0.8098771624705137,22013.065695810816,28287.91742010326,-6274.851724292443
2020,2020,2021,59,LI,2021,6.0,3.605445181534015,3.838721918865774,5.733892778638666,4.671122943991241,1.0627698346474252
2020,2020,2021,60,LK,2021,4.0,2.6792384793313707e-11,0.6741131871973327,15.999999999785661,11.061523091574687,4.9384769082109745
2020,2020,2021,61,LT,2021,187.0,375.02088540791533,104.21429589980907,35351.85334957643,6853.472803364369,28498.380546212058
2020,2020,2021,62,LU,2021,433.0,211.3507658352833,220.8402463743836,49128.38300580541,45011.76105848225,4116.621947323161
2020,2020,2021,63,LV,2021,140.0,21.979909435792973,29.50225651276404,13928.741776783629,12209.751315770998,1718.9904610126305
2020,2020,2021,64,LY,2021,634.0,582.2947384155059,84.98407638701671,2673.4340755209623,301418.48438061716,-298745.0503050962
2020,2020,2021,65,MA,2021,1.0,1.212167616641697,0.696331457641815,0.045015097551418116,0.09221458361794478,-0.047199486066526665
2020,2020,2021,66,MD,2021,8.0,22.390044805361057,17.010724194709766,207.07338950029876,81.19315051312796,125.8802389871708
2020,2020,2021,67,ME,2021,24607.0,21472.179391081852,19189.76637820765,9827100.250097945,29346420.113077473,-19519319.862979528
2020,2020,2021,68,MK,2021,86984.0,49457.723960575095,45361.61472672125,1408221393.3871157,1732422955.8372517,-324201562.45013595
2020,2020,2021,69,MM,2021,0.0,2.946434463557112,1.1596468812326588,8.681476048037085,1.3447808891526323,7.336695158884453
2020,2020,2021,70,MT,2021,219.0,18.714223589553196,16.99967888609346,40114.392232335485,40804.12973012136,-689.7374977858781
2020,2020,2021,71,MU,2021,37.0,2.15119040273654,7.152969645561797,1214.4395303463218,890.8452209787555,323.5943093675663
2020,2020,2021,72,MX,2021,48.0,5.798405830894179,41.614106829718956,1780.9745504139062,40.77963158224208,1740.1949188316642
2020,2020,2021,73,MY,2021,0.0,7.359302194268586,2.331770906309682,54.15932878656642,5.437155559512276,48.72217322705414
2020,2020,2021,74,NG,2021,66.0,14.725653410181112,3.349206749780305,2629.0586182128723,3925.121894881773,-1296.063276668901
2020,2020,2021,75,NI,2021,36.0,25.808832758907066,8.181155538434439,103.85988973592576,773.8881071767769,-670.0282174408511
2020,2020,2021,76,NL,2021,20513.0,10945.010355565246,15630.068769995685,91546425.8360107,23843017.396951452,67703408.43905924
2020,2020,2021,77,NO,2021,1003.0,234.10730112737897,322.7733072699027,591195.9823796231,462708.3535025262,128487.62887709693
2020,2020,2021,78,NZ,2021,16.0,0.13276858795853191,1.3673524930809662,251.76903268327547,214.1143730617438,37.654659621531664
2020,2020,2021,79,OM,2021,2.0,90.71638526464179,6.448364017986633,7870.59701442435,19.787942436518183,7850.809071987832
2020,2020,2021,80,PE,2021,0.0,2.6468694397077493e-11,0.018612281677917522,7.005917830858815e-22,0.0003464170292581443,-0.0003464170292581443
2020,2020,2021,81,PH,2021,0.0,2.542027980843019,1.2831179546324398,6.461906255388835,1.646391685500136,4.815514569888699
2020,2020,2021,82,PK,2021,185.0,30.616921574281953,9.901225848186542,23834.13490420141,30659.58070946778,-6825.445805266369
2020,2020,2021,83,PL,2021,1623.0,4370.161027275425,6154.642126246127,7546893.709780969,20535780.36036852,-12988886.650587551
2020,2020,2021,84,PT,2021,31.0,48.78480667516313,101.55480306995888,316.2993484729271,4977.980236240679,-4661.680887767752
2020,2020,2021,85,PY,2021,0.0,2.670144414341873e-11,-0.03514592170781905,7.129671193441104e-22,0.0012352358126921463,-0.0012352358126921463
2020,2020,2021,86,QA,2021,260.0,146.16391615932912,80.51416942397404,12958.65398418025,32215.163377565896,-19256.509393385648
2020,2020,2021,87,RO,2021,2017.0,1485.9261647654112,3133.997224720651,282039.41847077524,1247682.8000336366,-965643.3815628614
2020,2020,2021,88,RU,2021,35.0,11.979230736806322,7.655475770785499,529.9558174692028,747.7230053220989,-217.7671878528961
2020,2020,2021,89,SA,2021,1027.0,74.87902641741577,46.66668749497379,906534.3483358482,961053.4036070774,-54519.05527122924
2020,2020,2021,90,SC,2021,0.0,0.8386578666664051,0.16800539438459083,0.7033470173214457,0.028225812542321906,0.6751212047791237
2020,2020,2021,91,SE,2021,5441.0,2382.3403744962347,12550.067932418675,9355398.704686834,50538846.86774354,-41183448.1630567
2020,2020,2021,92,SG,2021,5.0,43.19929134966398,94.3031727863237,1459.1858596165134,7975.056669703986,-6515.870810087472
2020,2020,2021,93,SI,2021,9495.0,4384.623626401549,2794.929145515813,26115946.679833256,44890949.45510847,-18775002.775275216
2020,2020,2021,94,SK,2021,1951.0,1362.3207353955513,83.05223459899909,346543.27657523454,3489228.8542665928,-3142685.577691358
2020,2020,2021,95,SL,2021,15.0,6.023370416725063,0.3573925616606325,80.57987867532677,214.40595259331138,-133.82607391798462
2020,2020,2021,96,SM,2021,0.0,2.6254502318266973e-11,0.2653598956308668,6.892988919798858e-22,0.07041587420922453,-0.07041587420922453
2020,2020,2021,97,SY,2021,0.0,17.588479732271775,1.3660477707143028,309.354619292535,1.8660865118735166,307.4885327806615
2020,2020,2021,98,TH,2021,50.0,1.502366680073036,0.953803507368795,2352.02043763409,2405.5293903937895,-53.508952759699696
2020,2020,2021,99,TM,2021,0.0,2.6759950933190283e-11,0.329849093318679,7.160949739467516e-22,0.10880042436315461,-0.10880042436315461
2020,2020,2021,100,TN,2021,1.0,193.96871923999217,8.320342998791052,37236.92660512292,53.58742161994917,37183.33918350297
2020,2020,2021,101,TR,2021,17534.0,12376.009451486463,8477.542236907864,26604866.49855498,82019427.2146718,-55414560.71611683
2020,2020,2021,103,TZ,2021,4.0,0.5238083874263685,0.8592605934901899,12.083908127327264,9.864244019603595,2.21966410772367
2020,2020,2021,104,UA,2021,58.0,83.40485379490958,83.54964097575383,645.4065963407319,652.7841539899192,-7.377557649187338
2020,2020,2021,105,UG,2021,44.0,0.2663896397512711,0.1928430218966739,1912.6286751420546,1919.0670025041873,-6.438327362132668
2020,2020,2021,106,US,2021,123447.0,4683.793251467084,9953.414959151141,14104699277.194775,12880793845.424393,1223905431.770382
2020,2020,2021,107,UY,2021,0.0,0.6961774377747472,0.14469408183691843,0.48466302486661195,0.020936377318628848,0.4637266475479831
2020,2020,2021,108,UZ,2021,12.0,22.951911242365274,1.7374815485759005,119.94435986064687,105.3192849658201,14.625074894826767
2020,2020,2021,109,VE,2021,2.0,5.739382277192818,0.24074489552537393,13.982979814983745,3.0949785226200275,10.888001292363718
2020,2020,2021,110,VN,2021,13.0,29.51411726588671,4.309348411991494,272.7160690714576,75.52742502415478,197.1886440473028
2020,2020,2021,111,XS,2021,44265.0,39325.3429325229,24211.574396793883,24400211.944276456,402139878.4233226,-377739666.47904617
2020,2020,2021,112,ZA,2021,1125.0,1836.2366049055506,71.73674118766758,505857.50815757434,1109363.4923639745,-603505.9842064001
2021,2021,2022,0,AE,2022,671.0,577.0649314861614,757.3568554136428,8823.797096699549,7457.5064769328155,1366.2906197667335
2021,2021,2022,1,AL,2022,168608.0,113226.9375185848,53220.58438529937,3067062081.570414,13314255682.239658,-10247193600.669245
2021,2021,2022,2,AR,2022,15.0,24.912718176276854,63.43457498791371,98.26198164228953,2345.9080542598367,-2247.6460726175474
2021,2021,2022,3,AT,2022,15461.0,12770.590876011003,8927.050955881505,7238301.25444324,42692490.111136995,-35454188.85669375
2021,2021,2022,4,AU,2022,1435.0,344.7024720750893,664.7308678906562,1188748.6993991716,593314.5358804817,595434.1635186899
2021,2021,2022,5,AZ,2022,16.0,43.9264151322903,30.308380309354117,779.8846621410128,204.72974707711262,575.1549150639001
2021,2021,2022,6,BA,2022,11353.0,11186.69491430283,11358.780367203759,27657.381528742888,33.412645010291975,27623.968883732596
2021,2021,2022,7,BD,2022,3.0,4.990857848293187,5.571237897448551,3.963514972110578,6.611264325275646,-2.647749353165068
2021,2021,2022,8,BE,2022,16030.0,8889.716139558428,11055.469253761605,50983653.6076824,24745956.145271126,26237697.462411273
2021,2021,2022,9,BG,2022,12703.0,10503.942442141377,12262.421622530901,4835854.142775131,194109.30669330386,4641744.836081827
2021,2021,2022,10,BR,2022,3.0,15.274599256032317,2.1056045360985407,150.66578689618913,0.7999432458475065,149.86584365034162
2021,2021,2022,11,BY,2022,1.0,0.17040723741682046,1.9123815748632353,0.6882241517303918,0.8324401381499176,-0.14421598641952582
2021,2021,2022,12,CA,2022,994.0,1314.8328610894157,3709.94848037592,102933.72475482032,7376376.14805627,-7273442.423301449
2021,2021,2022,13,CH,2022,70131.0,42914.15453876817,39803.18182667347,740756676.8605757,919776555.1543549,-179019878.29377925
2021,2021,2022,14,CI,2022,3.0,4.955902882623594,6.496834233551256,3.8255560862552835,12.227849656936002,-8.402293570680719
2021,2021,2022,15,CL,2022,1.0,0.17009668767465896,0.08246515680264599,0.6887395078085724,0.841870188481193,-0.1531306806726206
2021,2021,2022,16,CM,2022,177.0,3.2381499214040375,6.4609777404557605,30193.180542736456,29083.55811324133,1109.6224294951244
2021,2021,2022,17,CN,2022,875.0,17141.496776967273,1875.4635315854418,264598917.39508668,1000927.2780324144,263597990.11705425
2021,2021,2022,18,CO,2022,80.0,121.89703191982912,49.57393895879351,1755.36128369118,925.7451904832233,829.6160932079567
2021,2021,2022,19,CR,2022,1.0,4.093821792809143e-11,0.21064521351581647,0.9999999999181235,0.623080978945491,0.3769190209726325
2021,2021,2022,21,CY,2022,219.0,1271.49862821447,117.11338691169522,1107753.3623933413,10380.88192660592,1097372.4804667353
2021,2021,2022,22,CZ,2022,4980.0,1913.184863154035,1387.6705147148296,9405355.083587535,12904831.130849218,-3499476.0472616833
2021,2021,2022,23,DE,2022,87767.0,39506.827221946965,87463.83279892674,2329044276.567531,91910.35180659336,2328952366.2157245
2021,2021,2022,24,DK,2022,16994.0,2166.2070922328144,3233.5343119075324,219863442.51563084,189350415.9531701,30513026.56246075
2021,2021,2022,25,DO,2022,0.0,4.1181841540850476e-11,0.6059309551974598,1.695944072695718e-21,0.367152322466506,-0.367152322466506
2021,2021,2022,26,DZ,2022,1.0,138.47418363538355,29.165674265800035,18899.15116621516,793.3052068471503,18105.84595936801
2021,2021,2022,27,EC,2022,12.0,24.185152803927174,6.865785554814595,148.47794885505428,26.360157969150478,122.1177908859038
2021,2021,2022,28,EE,2022,6.0,39.63234870533017,35.88442141514592,1131.1348794369242,893.0786433180323,238.0562361188919
2021,2021,2022,29,EG,2022,265.0,391.0251121549838,1153.8204025111606,15882.328893676242,790001.7079201016,-774119.3790264253
2021,2021,2022,30,ES,2022,1715.0,1906.6088495550612,4210.625441882808,36713.95122781407,6228146.346172763,-6191432.394944949
2021,2021,2022,31,ET,2022,1.0,21.84125083604125,3.1724828318090283,434.35773641079015,4.719681654504975,429.63805475628516
2021,2021,2022,32,FI,2022,634.0,1374.0776576109245,249.19369391140933,547714.9392948727,148075.8932055461,399639.0460893266
2021,2021,2022,33,FR,2022,14338.0,6466.9793137433935,12156.16492489052,61952966.64347942,4760404.294977992,57192562.34850143
2021,2021,2022,34,GB,2022,16722.0,9254.516012301205,8697.946312811384,55763317.1065379,64385437.57488523,-8622120.468347326
2021,2021,2022,35,GE,2022,31.0,66.84923881742623,19.647073402435268,1285.1679237888593,128.88894232969272,1156.2789814591665
2021,2021,2022,36,GR,2022,4954.0,2048.8045428772134,4783.838125555691,8440160.644086877,28955.06351440093,8411205.580572477
2021,2021,2022,37,GT,2022,0.0,0.17115920597532286,0.6601674818054467,0.029295473790102996,0.4358211040333448,-0.4065256302432418
2021,2021,2022,38,HK,2022,8.0,59.35092797297294,3.0544071429614315,2636.9178036854546,24.458888707590912,2612.4589149778635
2021,2021,2022,39,HN,2022,0.0,2.738116721406503,0.03803859195339625,7.4972831800458986,0.0014469344777969816,7.495836245568102
2021,2021,2022,40,HR,2022,10014.0,5238.8291636449085,5775.3024971880095,22802256.516376182,17966556.520344604,4835699.996031579
2021,2021,2022,41,HU,2022,3678.0,1581.0860170607593,3134.765688838043,4397048.25184611,295103.516823606,4101944.7350225043
2021,2021,2022,42,ID,2022,1.0,3.758945465328799,4.257966641234387,7.611780080658342,10.614346635396073,-3.002566554737731
2021,2021,2022,43,IE,2022,279.0,112.76747467418129,161.64251645117974,27633.252476198955,13772.778944911617,13860.473531287338
2021,2021,2022,44,IL,2022,783.0,201.16256157346905,317.50768473916634,338534.80475474725,216683.09556689137,121851.70918785589
2021,2021,2022,45,IN,2022,367.0,47612.31911623475,5896.340105176035,2232120178.394857,30573601.99870812,2201546576.3961487
2021,2021,2022,46,IQ,2022,302.0,400.37710443724563,73.91493883794554,9678.054677456736,52022.795125298115,-42344.74044784138
2021,2021,2022,47,IR,2022,3.0,15.775621429801935,3.34243930103209,163.21650291761446,0.11726467489134641,163.09923824272312
2021,2021,2022,48,IT,2022,46370.0,63158.924842777385,59181.85147323553,281867997.37642765,164143538.17224747,117724459.20418018
2021,2021,2022,49,JO,2022,963.0,178.33680343885368,70.79307158096401,615696.3320375562,796033.2031189308,-180336.8710813746
2021,2021,2022,50,JP,2022,173.0,641.4212005716137,445.1856796782193,219418.42114495192,74085.04422189419,145333.37692305772
2021,2021,2022,51,KE,2022,1.0,117.05310886063977,303.0805962903773,13468.324076219504,91252.6866551499,-77784.36257893039
2021,2021,2022,52,KG,2022,0.0,0.17162217771577065,0.46793675414990227,0.029454171883903566,0.21896480588434608,-0.18951063400044252
2021,2021,2022,53,KH,2022,1.0,0.3423843966511382,0.5636984085062624,0.4324582817678876,0.19035907873996827,0.24209920302791932
2021,2021,2022,54,KR,2022,28.0,730.0171991746927,50.032427385073824,492828.1479370801,485.42785647855095,492342.7200806016
2021,2021,2022,55,KW,2022,365.0,200.43487711556978,107.85983011002207,27081.67966996762,66121.0669710467,-39039.387301079085
2021,2021,2022,56,KZ,2022,10766.0,12372.507092907448,18291.216470753883,2580865.0395619404,56628882.93170553,-54048017.892143585
2021,2021,2022,57,LA,2022,0.0,1.1867780115088284,0.7395825898840993,1.4084420486008489,0.5469824072596718,0.861459641341177
2021,2021,2022,58,LB,2022,62.0,49.29668588135632,21.96917564375715,161.3741895969319,1602.4668986403653,-1441.0927090434334
2021,2021,2022,59,LI,2022,2.0,5.617270561742815,2.406120691468146,13.084646316851183,0.16493401603856495,12.919712300812618
2021,2021,2022,60,LK,2022,7.0,0.6760359049062004,5.973021760134753,39.99252187603554,1.0546843051567216,38.93783757087882
2021,2021,2022,61,LT,2022,379.0,523.6379245906295,191.65462285652222,20920.129229884624,35098.290337031925,-14178.161107147302
2021,2021,2022,62,LU,2022,621.0,338.1513475101004,397.9808960109446,80003.360215352,49737.52074408111,30265.839471270898
2021,2021,2022,63,LV,2022,1.0,49.12671277571242,76.3920533696767,2316.180482595921,5683.9617112961805,-3367.7812287002594
2021,2021,2022,64,LY,2022,240.0,729.7677180318309,345.9379304913658,239872.41762610702,11222.845116793456,228649.57250931356
2021,2021,2022,65,MA,2022,2.0,1.6999152282863343,1.030720009630028,0.09005087021444283,0.9395036997316131,-0.8494528295171703
2021,2021,2022,66,MD,2022,12.0,30.818215512511724,10.628905284866597,354.1252350753369,1.8799007178667462,352.24533435747014
2021,2021,2022,67,ME,2022,38264.0,31629.488761035325,26300.858128484822,44016739.379948586,143116763.43799967,-99100024.05805108
2021,2021,2022,68,MK,2022,119200.0,77732.38761654701,61512.84764350245,1719562876.7843034,3327807547.001761,-1608244670.2174575
2021,2021,2022,69,MM,2022,0.0,3.5558382927419943,0.6847106182221163,12.6439859641303,0.46882863070611275,12.175157333424186
2021,2021,2022,70,MT,2022,165.0,57.71147500738962,68.56054424612445,11510.82759508998,9300.568626103719,2210.2589689862616
2021,2021,2022,71,MU,2022,26.0,8.824053479838916,8.538109275258295,295.01313886343365,304.91762768282047,-9.904488819386813
2021,2021,2022,72,MX,2022,189.0,15.337224395859392,38.678368294990904,30158.7596305341,22596.5929584564,7562.166672077699
2021,2021,2022,73,MY,2022,486.0,9.208855164241292,1.0736752023349212,227329.79579379343,235153.54048177056,-7823.7446879771305
2021,2021,2022,74,NG,2022,264.0,30.048353074952825,71.08296347407715,54733.37309894194,37216.98298194426,17516.39011699768
2021,2021,2022,75,NI,2022,61.0,38.559525395591834,17.887087166254446,503.57490047108786,1858.7232530101421,-1355.1483525390543
2021,2021,2022,76,NL,2022,29087.0,16972.0114387867,13457.551673149823,146772947.8383291,244279655.0016798,-97506707.1633507
2021,2021,2022,77,NO,2022,1744.0,467.544004707623,1572.085202789948,1629339.9079178525,29554.697499773312,1599785.2104180793
2021,2021,2022,78,NZ,2022,21.0,2.8988652567879574,12.039592461263743,327.6510789919181,80.28890326024155,247.36217573167653
2021,2021,2022,79,OM,2022,7.0,112.0936627113188,4.219748032074315,11044.67794208044,7.729801005154645,11036.948141075285
2021,2021,2022,80,PE,2022,1.0,4.09180850406584e-11,0.4942968079098556,0.9999999999181639,0.2557357184901616,0.7442642814280023
2021,2021,2022,81,PH,2022,0.0,3.2405464834847306,0.697356104628795,10.501141511625253,0.48630553666304693,10.014835974962207
2021,2021,2022,82,PK,2022,149.0,70.09378102875783,70.25971750123612,6226.191392337618,6200.032087985141,26.159304352477193
2021,2021,2022,83,PL,2022,5842.0,5894.682237450279,2219.2269605707847,2775.418142767578,13124484.495215194,-13121709.077072427
2021,2021,2022,84,PT,2022,145.0,65.92047142234571,27.782654189498487,6253.571840064041,13739.906158858697,-7486.334318794657
2021,2021,2022,85,PY,2022,0.0,4.0835156746161664e-11,0.04512971766505111,1.6675100264835924e-21,0.002036691416527226,-0.002036691416527226
2021,2021,2022,86,QA,2022,350.0,224.98757553365908,190.20295890108278,15628.106270952594,25535.094343969038,-9906.988073016444
2021,2021,2022,87,RO,2022,3279.0,2254.832629624991,1315.3539072295764,1048918.8025408606,3855905.977652551,-2806987.1751116905
2021,2021,2022,88,RU,2022,4.0,20.86410442490219,13.827910785044656,284.39801805400566,96.58783039879707,187.8101876552086
2021,2021,2022,89,SA,2022,1778.0,272.8866744352317,3438.6977581276897,2265366.122792636,2757917.0438503344,-492550.9210576983
2021,2021,2022,90,SC,2022,0.0,1.0260685260282472,0.07865827785235223,1.0528166201057798,0.006187124674697845,1.046629495431082
2021,2021,2022,91,SE,2022,4859.0,3801.6076061216627,3479.1874039720265,1118078.674631761,1903882.8001574557,-785804.1255256948
2021,2021,2022,92,SG,2022,64.0,56.89835950061407,5.293854876616009,50.43329778251844,3446.4114752478217,-3395.9781774653034
2021,2021,2022,93,SI,2022,40321.0,7039.151982728489,5976.740425232325,1107681407.4447598,1179528165.739021,-71846758.29426122
2021,2021,2022,94,SK,2022,1534.0,2025.5697156342762,1668.4650454600742,241640.7853287632,18080.848450579815,223559.93687818336
2021,2021,2022,95,SL,2022,4.0,10.032373010890051,3.929472625846429,36.3895241425147,0.004974110504997797,36.384550032009706
2021,2021,2022,96,SM,2022,0.0,4.0836687677716764e-11,0.015865332072445112,1.6676350604873843e-21,0.0002517087617689555,-0.0002517087617689555
2021,2021,2022,97,SY,2022,0.0,19.96431529689584,1.7120706844822937,398.5738852738692,2.9311860286636695,395.64269924520556
2021,2021,2022,98,TH,2022,210.0,10.36876145010006,32.21475812319667,39852.631404967055,31607.592229193462,8245.039175773592
2021,2021,2022,99,TM,2022,0.0,4.082044076716943e-11,0.35397140339716454,1.666308384425988e-21,0.12529575442295818,-0.12529575442295818
2021,2021,2022,100,TN,2022,0.0,237.5170891002765,3.6268683618208573,56414.36761466869,13.154174113977108,56401.21344055472
2021,2021,2022,101,TR,2022,23455.0,18013.586055150572,16488.494871218525,29608985.719201814,48532193.7093386,-18923207.990136784
2021,2021,2022,103,TZ,2022,1.0,1.3690468680873438,4.44277136364801,0.13619559084507732,11.852674662354778,-11.716479071509701
2021,2021,2022,104,UA,2022,505.0,119.99942985135128,25.05592226956077,148225.43901478458,230346.3177485219,-82120.8787337373
2021,2021,2022,105,UG,2022,0.0,7.869685436125646,14.648152509352911,61.9319488635681,214.568371937262,-152.6364230736939
2021,2021,2022,106,US,2022,136525.0,27066.963946724194,31543.174604660537,11981061656.640226,11021183663.337542,959877993.3026848
2021,2021,2022,107,UY,2022,0.0,0.8521456925734042,0.1747940580463987,0.7261522813714067,0.030552962728327797,0.695599318643079
2021,2021,2022,108,UZ,2022,13.0,30.555130108018343,8.315033590025957,308.1825931094521,21.948910262585077,286.23368284686705
2021,2021,2022,109,VE,2022,3.0,6.24707965124448,0.7451845820172477,10.543526261525974,5.084192569172734,5.4593336923532405
2021,2021,2022,110,VN,2022,137.0,40.96225960788525,12.351246034594386,9223.24757962323,15537.311865128222,-6314.064285504992
2021,2021,2022,111,XS,2022,62896.0,60656.81486111692,30432.30150993821,5013950.086194823,1053891719.6536402,-1048877769.5674453
2021,2021,2022,112,ZA,2022,175.0,2467.6235048601447,269.04921016745067,5256122.535037214,8845.253933121307,5247277.2811040925
